Run,Date,Instrument,Plate,Sample,Channels,Count,Copies per microliter,Total,Well
TERT_146_plate3_reruns_260414,2026-04-14 14:35:59.569738+00:00,2262724051357,M01KC242000351,NTC,,20236,0.00,20328,A1
TERT_146_plate3_reruns_260414,2026-04-14 14:35:59.569738+00:00,2262724051357,M01KC242000351,NTC,VIC,88,10.04,20328,A1
TERT_146_plate3_reruns_260414,2026-04-14 14:35:59.569738+00:00,2262724051357,M01KC242000351,NTC,FAM,4,0.46,20328,A1
TERT_146_plate3_reruns_260414,2026-04-14 14:35:59.569738+00:00,2262724051357,M01KC242000351,NTC,FAM VIC,0,0.00,0,A1
TERT_146_plate3_reruns_260414,2026-04-14 14:35:59.569738+00:00,2262724051357,M01KC242000351,UM_2025_22_2,,20243,0.00,20383,A3
TERT_146_plate3_reruns_260414,2026-04-14 14:35:59.569738+00:00,2262724051357,M01KC242000351,UM_2025_22_2,VIC,137,15.61,20383,A3
TERT_146_plate3_reruns_260414,2026-04-14 14:35:59.569738+00:00,2262724051357,M01KC242000351,UM_2025_22_2,FAM,1,0.11,20383,A3
TERT_146_plate3_reruns_260414,2026-04-14 14:35:59.569738+00:00,2262724051357,M01KC242000351,UM_2025_22_2,FAM VIC,2,0.23,20383,A3
TERT_146_plate3_reruns_260414,2026-04-14 14:35:59.569738+00:00,2262724051357,M01KC242000351,UM_2025_24_2,,19969,0.00,20347,A4
TERT_146_plate3_reruns_260414,2026-04-14 14:35:59.569738+00:00,2262724051357,M01KC242000351,UM_2025_24_2,VIC,373,42.83,20347,A4
TERT_146_plate3_reruns_260414,2026-04-14 14:35:59.569738+00:00,2262724051357,M01KC242000351,UM_2025_24_2,FAM,3,0.34,20347,A4
TERT_146_plate3_reruns_260414,2026-04-14 14:35:59.569738+00:00,2262724051357,M01KC242000351,UM_2025_24_2,FAM VIC,2,0.23,20347,A4
TERT_146_plate3_reruns_260414,2026-04-14 14:35:59.569738+00:00,2262724051357,M01KC242000351,PC,,18934,0.00,20400,B1
TERT_146_plate3_reruns_260414,2026-04-14 14:35:59.569738+00:00,2262724051357,M01KC242000351,PC,VIC,1299,152.30,20400,B1
TERT_146_plate3_reruns_260414,2026-04-14 14:35:59.569738+00:00,2262724051357,M01KC242000351,PC,FAM,161,18.34,20400,B1
TERT_146_plate3_reruns_260414,2026-04-14 14:35:59.569738+00:00,2262724051357,M01KC242000351,PC,FAM VIC,6,0.68,20400,B1
TERT_146_plate3_reruns_260414,2026-04-14 14:35:59.569738+00:00,2262724051357,M01KC242000351,UM_2025_21_1,,20402,0.00,20404,B2
TERT_146_plate3_reruns_260414,2026-04-14 14:35:59.569738+00:00,2262724051357,M01KC242000351,UM_2025_21_1,VIC,1,0.11,20404,B2
TERT_146_plate3_reruns_260414,2026-04-14 14:35:59.569738+00:00,2262724051357,M01KC242000351,UM_2025_21_1,FAM,1,0.11,20404,B2
TERT_146_plate3_reruns_260414,2026-04-14 14:35:59.569738+00:00,2262724051357,M01KC242000351,UM_2025_21_1,FAM VIC,0,0.00,0,B2
TERT_146_plate3_reruns_260414,2026-04-14 14:35:59.569738+00:00,2262724051357,M01KC242000351,UM_2025_23_1,,20416,0.00,20420,B3
TERT_146_plate3_reruns_260414,2026-04-14 14:35:59.569738+00:00,2262724051357,M01KC242000351,UM_2025_23_1,VIC,0,0.00,0,B3
TERT_146_plate3_reruns_260414,2026-04-14 14:35:59.569738+00:00,2262724051357,M01KC242000351,UM_2025_23_1,FAM,3,0.34,20420,B3
TERT_146_plate3_reruns_260414,2026-04-14 14:35:59.569738+00:00,2262724051357,M01KC242000351,UM_2025_23_1,FAM VIC,1,0.11,20420,B3
TERT_146_plate3_reruns_260414,2026-04-14 14:35:59.569738+00:00,2262724051357,M01KC242000351,UM_2025_25_1,,19808,0.00,20349,B4
TERT_146_plate3_reruns_260414,2026-04-14 14:35:59.569738+00:00,2262724051357,M01KC242000351,UM_2025_25_1,VIC,536,61.79,20349,B4
TERT_146_plate3_reruns_260414,2026-04-14 14:35:59.569738+00:00,2262724051357,M01KC242000351,UM_2025_25_1,FAM,5,0.57,20349,B4
TERT_146_plate3_reruns_260414,2026-04-14 14:35:59.569738+00:00,2262724051357,M01KC242000351,UM_2025_25_1,FAM VIC,0,0.00,0,B4
TERT_146_plate3_reruns_260414,2026-04-14 14:35:59.569738+00:00,2262724051357,M01KC242000351,UM_2025_21_2,,20335,0.00,20339,C2
TERT_146_plate3_reruns_260414,2026-04-14 14:35:59.569738+00:00,2262724051357,M01KC242000351,UM_2025_21_2,VIC,0,0.00,0,C2
TERT_146_plate3_reruns_260414,2026-04-14 14:35:59.569738+00:00,2262724051357,M01KC242000351,UM_2025_21_2,FAM,4,0.46,20339,C2
TERT_146_plate3_reruns_260414,2026-04-14 14:35:59.569738+00:00,2262724051357,M01KC242000351,UM_2025_21_2,FAM VIC,0,0.00,0,C2
TERT_146_plate3_reruns_260414,2026-04-14 14:35:59.569738+00:00,2262724051357,M01KC242000351,UM_2025_23_2,,20289,0.00,20433,C3
TERT_146_plate3_reruns_260414,2026-04-14 14:35:59.569738+00:00,2262724051357,M01KC242000351,UM_2025_23_2,VIC,136,15.46,20433,C3
TERT_146_plate3_reruns_260414,2026-04-14 14:35:59.569738+00:00,2262724051357,M01KC242000351,UM_2025_23_2,FAM,8,0.91,20433,C3
TERT_146_plate3_reruns_260414,2026-04-14 14:35:59.569738+00:00,2262724051357,M01KC242000351,UM_2025_23_2,FAM VIC,0,0.00,0,C3
TERT_146_plate3_reruns_260414,2026-04-14 14:35:59.569738+00:00,2262724051357,M01KC242000351,UM_2025_25_2,,20401,0.00,20405,C4
TERT_146_plate3_reruns_260414,2026-04-14 14:35:59.569738+00:00,2262724051357,M01KC242000351,UM_2025_25_2,VIC,0,0.00,0,C4
TERT_146_plate3_reruns_260414,2026-04-14 14:35:59.569738+00:00,2262724051357,M01KC242000351,UM_2025_25_2,FAM,4,0.45,20405,C4
TERT_146_plate3_reruns_260414,2026-04-14 14:35:59.569738+00:00,2262724051357,M01KC242000351,UM_2025_25_2,FAM VIC,0,0.00,0,C4
TERT_146_plate3_reruns_260414,2026-04-14 14:35:59.569738+00:00,2262724051357,M01KC242000351,UM_2025_22_1,,20188,0.00,20283,D2
TERT_146_plate3_reruns_260414,2026-04-14 14:35:59.569738+00:00,2262724051357,M01KC242000351,UM_2025_22_1,VIC,88,10.06,20283,D2
TERT_146_plate3_reruns_260414,2026-04-14 14:35:59.569738+00:00,2262724051357,M01KC242000351,UM_2025_22_1,FAM,5,0.57,20283,D2
TERT_146_plate3_reruns_260414,2026-04-14 14:35:59.569738+00:00,2262724051357,M01KC242000351,UM_2025_22_1,FAM VIC,2,0.23,20283,D2
TERT_146_plate3_reruns_260414,2026-04-14 14:35:59.569738+00:00,2262724051357,M01KC242000351,UM_2025_24_1,,20253,0.00,20284,D3
TERT_146_plate3_reruns_260414,2026-04-14 14:35:59.569738+00:00,2262724051357,M01KC242000351,UM_2025_24_1,VIC,15,1.71,20284,D3
TERT_146_plate3_reruns_260414,2026-04-14 14:35:59.569738+00:00,2262724051357,M01KC242000351,UM_2025_24_1,FAM,16,1.83,20284,D3
TERT_146_plate3_reruns_260414,2026-04-14 14:35:59.569738+00:00,2262724051357,M01KC242000351,UM_2025_24_1,FAM VIC,0,0.00,0,D3
TERT_146_plate3_reruns_260414,2026-04-14 14:35:59.569738+00:00,2262724051357,M01KC242000351,UM_2025_26_1,,20200,0.00,20340,D4
TERT_146_plate3_reruns_260414,2026-04-14 14:35:59.569738+00:00,2262724051357,M01KC242000351,UM_2025_26_1,VIC,126,14.38,20340,D4
TERT_146_plate3_reruns_260414,2026-04-14 14:35:59.569738+00:00,2262724051357,M01KC242000351,UM_2025_26_1,FAM,14,1.59,20340,D4
TERT_146_plate3_reruns_260414,2026-04-14 14:35:59.569738+00:00,2262724051357,M01KC242000351,UM_2025_26_1,FAM VIC,0,0.00,0,D4
